1	the
2	and
3	to
4	of
5	a
6	in
7	is
8	that
9	for
10	I
11	you
12	it
13	with
14	on
15	as
16	are
17	be
18	this
19	was
20	have
21	or
22	at
23	not
24	your
25	from
26	we
27	by
28	will
29	can
30	but
31	they
32	an
33	he
34	all
35	has
36	if
37	their
38	one
39	do
40	more
41	n't
42	my
43	his
44	so
45	there
46	about
47	which
48	when
49	what
50	out
51	up
52	our
53	who
54	also
55	had
56	time
57	some
58	would
59	were
60	like
61	been
62	just
63	her
64	new
65	other
66	them
67	she
68	people
69	these
70	no
71	get
72	how
73	me
74	into
75	than
76	only
77	its
78	most
79	may
80	any
81	many
82	make
83	then
84	well
85	first
86	very
87	over
88	now
89	could
90	after
91	even
92	because
93	us
94	said
95	good
96	way
97	two
98	should
99	work
100	use
101	through
102	see
103	know
104	did
105	much
106	where
107	years
108	need
109	him
110	back
111	such
112	those
113	being
114	day
115	take
116	while
117	here
118	before
119	does
120	great
121	year
122	go
123	help
124	want
125	really
126	think
127	best
128	life
129	each
130	made
131	right
132	world
133	business
134	home
135	own
136	down
137	still
138	used
139	find
140	around
141	going
142	every
143	both
144	last
145	off
146	too
147	same
148	information
149	little
150	another
151	look
152	few
153	long
154	part
155	since
156	things
157	place
158	am
159	between
160	during
161	different
162	must
163	come
164	using
165	however
166	without
167	high
168	why
169	something
170	online
171	system
172	better
173	three
174	never
175	always
176	love
177	say
178	might
179	next
180	company
181	state
182	number
183	again
184	free
185	lot
186	under
187	family
188	found
189	within
190	give
191	set
192	school
193	important
194	water
195	able
196	keep
197	got
198	sure
199	end
200	money
201	service
202	small
203	put
204	experience
205	having
206	once
207	available
208	health
209	support
210	often
211	including
212	days
213	away
214	old
215	area
216	feel
217	read
218	show
219	big
220	against
221	thing
222	order
223	program
224	though
225	city
226	group
227	services
228	site
229	making
230	course
231	point
232	children
233	times
234	team
235	game
236	along
237	let
238	house
239	today
240	body
241	working
242	case
243	man
244	real
245	provide
246	care
247	public
248	top
249	looking
250	several
251	start
252	less
253	process
254	become
255	actually
256	local
257	together
258	person
259	change
260	book
261	enough
262	getting
263	week
264	power
265	until
266	market
267	fact
268	god
269	food
270	students
271	full
272	women
273	community
274	name
275	second
276	data
277	government
278	says
279	others
280	ever
281	yet
282	research
283	done
284	left
285	far
286	large
287	called
288	doing
289	already
290	development
291	social
292	open
293	possible
294	side
295	play
296	means
297	needs
298	try
299	came
300	ca
301	based
302	hard
303	thought
304	products
305	national
306	quality
307	level
308	live
309	design
310	makes
311	project
312	line
313	night
314	least
315	whether
316	job
317	car
318	example
319	include
320	following
321	given
322	website
323	past
324	plan
325	offer
326	buy
327	call
328	went
329	simply
330	hand
331	music
332	easy
333	problem
334	men
335	country
336	took
337	four
338	members
339	form
340	personal
341	control
342	energy
343	room
344	head
345	pay
346	create
347	run
348	kind
349	credit
350	almost
351	believe
352	quite
353	mind
354	law
355	early
356	comes
357	states
358	usually
359	companies
360	web
361	taking
362	started
363	later
364	although
365	story
366	per
367	future
368	known
369	someone
370	across
371	rather
372	young
373	whole
374	special
375	everything
376	months
377	anything
378	training
379	url
380	bit
381	seen
382	product
383	american
384	please
385	management
386	cost
387	either
388	light
389	university
390	face
391	due
392	nothing
393	human
394	event
395	history
396	probably
397	friends
398	learn
399	current
400	tell
401	general
402	price
403	list
404	type
405	building
406	industry
407	bad
408	check
409	everyone
410	office
411	idea
412	internet
413	news
414	million
415	video
416	among
417	air
418	especially
419	told
420	results
421	post
422	hours
423	international
424	center
425	understand
426	above
427	addition
428	major
429	education
430	white
431	particular
432	problems
433	media
434	according
435	upon
436	page
437	continue
438	black
439	study
440	issues
441	inside
442	technology
443	five
444	value
445	further
446	access
447	reason
448	short
449	TRUE
450	simple
451	natural
452	amount
453	search
454	result
455	taken
456	main
457	heart
458	space
459	financial
460	ago
461	trying
462	question
463	living
464	likely
465	interest
466	various
467	insurance
468	common
469	move
470	child
471	yourself
472	report
473	certain
474	share
475	single
476	close
477	instead
478	bring
479	works
480	age
481	s
482	season
483	hope
484	coming
485	areas
486	ask
487	medical
488	low
489	games
490	turn
491	key
492	party
493	add
494	month
495	seems
496	view
497	fun
498	matter
499	words
500	needed